{"history":[{"date":"","draw":"","p1":0,"p2":0,"p3":0,"pick3":"","#":"191"},{"date":"","draw":"","p1":0,"p2":0,"p3":0,"pick3":"","#":"192"},{"date":"","draw":"","p1":0,"p2":0,"p3":0,"pick3":"","#":"193"},{"date":"","draw":"","p1":0,"p2":0,"p3":0,"pick3":"","#":"194"},{"date":"","draw":"","p1":0,"p2":0,"p3":0,"pick3":"","#":"195"},{"date":"","draw":"","p1":0,"p2":0,"p3":0,"pick3":"","#":"196"},{"date":"","draw":"","p1":0,"p2":0,"p3":0,"pick3":"","#":"197"},{"date":"","draw":"","p1":0,"p2":0,"p3":0,"pick3":"","#":"198"},{"date":"","draw":"","p1":0,"p2":0,"p3":0,"pick3":"","#":"199"},{"date":"","draw":"","p1":0,"p2":0,"p3":0,"pick3":"","#":"200"},{"date":"","draw":"","p1":0,"p2":0,"p3":0,"pick3":"","#":"201"},{"date":"","draw":"","p1":0,"p2":0,"p3":0,"pick3":"","#":"202"},{"date":"","draw":"","p1":0,"p2":0,"p3":0,"pick3":"","#":"203"},{"date":"","draw":"","p1":0,"p2":0,"p3":0,"pick3":"","#":"204"},{"date":"","draw":"","p1":0,"p2":0,"p3":0,"pick3":"","#":"205"},{"date":"","draw":"","p1":0,"p2":0,"p3":0,"pick3":"","#":"206"},{"date":"","draw":"","p1":0,"p2":0,"p3":0,"pick3":"","#":"207"},{"date":"","draw":"","p1":0,"p2":0,"p3":0,"pick3":"","#":"208"},{"date":"","draw":"","p1":0,"p2":0,"p3":0,"pick3":"","#":"209"},{"date":"","draw":"","p1":0,"p2":0,"p3":0,"pick3":"","#":"210"},{"date":"","draw":"","p1":0,"p2":0,"p3":0,"pick3":"","#":"211"},{"date":"","draw":"","p1":0,"p2":0,"p3":0,"pick3":"","#":"212"},{"date":"","draw":"","p1":0,"p2":0,"p3":0,"pick3":"","#":"213"},{"date":"","draw":"","p1":0,"p2":0,"p3":0,"pick3":"","#":"214"},{"date":"","draw":"","p1":0,"p2":0,"p3":0,"pick3":"","#":"215"},{"date":"","draw":"","p1":0,"p2":0,"p3":0,"pick3":"","#":"216"},{"date":"","draw":"","p1":0,"p2":0,"p3":0,"pick3":"","#":"217"},{"date":"","draw":"","p1":0,"p2":0,"p3":0,"pick3":"","#":"218"},{"date":"","draw":"","p1":0,"p2":0,"p3":0,"pick3":"","#":"219"},{"date":"","draw":"","p1":0,"p2":0,"p3":0,"pick3":"","#":"220"},{"date":"","draw":"","p1":0,"p2":0,"p3":0,"pick3":"","#":"221"},{"date":"","draw":"","p1":0,"p2":0,"p3":0,"pick3":"","#":"222"},{"date":"","draw":"","p1":0,"p2":0,"p3":0,"pick3":"","#":"223"},{"date":"","draw":"","p1":0,"p2":0,"p3":0,"pick3":"","#":"224"},{"date":"","draw":"","p1":0,"p2":0,"p3":0,"pick3":"","#":"225"},{"date":"","draw":"","p1":0,"p2":0,"p3":0,"pick3":"","#":"226"},{"date":"","draw":"","p1":0,"p2":0,"p3":0,"pick3":"","#":"227"},{"date":"","draw":"","p1":0,"p2":0,"p3":0,"pick3":"","#":"228"},{"date":"","draw":"","p1":0,"p2":0,"p3":0,"pick3":"","#":"229"},{"date":"","draw":"","p1":0,"p2":0,"p3":0,"pick3":"","#":"230"},{"date":"","draw":"","p1":0,"p2":0,"p3":0,"pick3":"","#":"231"},{"date":"","draw":"","p1":0,"p2":0,"p3":0,"pick3":"","#":"232"},{"date":"","draw":"","p1":0,"p2":0,"p3":0,"pick3":"","#":"233"},{"date":"","draw":"","p1":0,"p2":0,"p3":0,"pick3":"","#":"234"},{"date":"","draw":"","p1":0,"p2":0,"p3":0,"pick3":"","#":"235"},{"date":"","draw":"","p1":0,"p2":0,"p3":0,"pick3":"","#":"236"},{"date":"","draw":"","p1":0,"p2":0,"p3":0,"pick3":"","#":"237"},{"date":"","draw":"","p1":0,"p2":0,"p3":0,"pick3":"","#":"238"},{"date":"","draw":"","p1":0,"p2":0,"p3":0,"pick3":"","#":"239"},{"date":"","draw":"","p1":0,"p2":0,"p3":0,"pick3":"","#":"240"},{"date":"","draw":"","p1":0,"p2":0,"p3":0,"pick3":"","#":"241"},{"date":"","draw":"","p1":0,"p2":0,"p3":0,"pick3":"","#":"242"},{"date":"","draw":"","p1":0,"p2":0,"p3":0,"pick3":"","#":"243"},{"date":"","draw":"","p1":0,"p2":0,"p3":0,"pick3":"","#":"244"},{"date":"","draw":"","p1":0,"p2":0,"p3":0,"pick3":"","#":"245"},{"date":"","draw":"","p1":0,"p2":0,"p3":0,"pick3":"","#":"246"},{"date":"","draw":"","p1":0,"p2":0,"p3":0,"pick3":"","#":"247"},{"date":"","draw":"","p1":0,"p2":0,"p3":0,"pick3":"","#":"248"},{"date":"","draw":"","p1":0,"p2":0,"p3":0,"pick3":"","#":"249"},{"date":"","draw":"","p1":0,"p2":0,"p3":0,"pick3":"","#":"250"},{"date":"","draw":"","p1":0,"p2":0,"p3":0,"pick3":"","#":"251"},{"date":"","draw":"","p1":0,"p2":0,"p3":0,"pick3":"","#":"252"},{"date":"","draw":"","p1":0,"p2":0,"p3":0,"pick3":"","#":"253"},{"date":"","draw":"","p1":0,"p2":0,"p3":0,"pick3":"","#":"254"},{"date":"","draw":"","p1":0,"p2":0,"p3":0,"pick3":"","#":"255"},{"date":"","draw":"","p1":0,"p2":0,"p3":0,"pick3":"","#":"256"},{"date":"","draw":"","p1":0,"p2":0,"p3":0,"pick3":"","#":"257"},{"date":"","draw":"","p1":0,"p2":0,"p3":0,"pick3":"","#":"258"},{"date":"","draw":"","p1":0,"p2":0,"p3":0,"pick3":"","#":"259"},{"date":"","draw":"","p1":0,"p2":0,"p3":0,"pick3":"","#":"260"},{"date":"","draw":"","p1":0,"p2":0,"p3":0,"pick3":"","#":"261"},{"date":"","draw":"","p1":0,"p2":0,"p3":0,"pick3":"","#":"262"},{"date":"","draw":"","p1":0,"p2":0,"p3":0,"pick3":"","#":"263"},{"date":"","draw":"","p1":0,"p2":0,"p3":0,"pick3":"","#":"264"},{"date":"","draw":"","p1":0,"p2":0,"p3":0,"pick3":"","#":"265"},{"date":"","draw":"","p1":0,"p2":0,"p3":0,"pick3":"","#":"266"},{"date":"","draw":"","p1":0,"p2":0,"p3":0,"pick3":"","#":"267"},{"date":"","draw":"","p1":0,"p2":0,"p3":0,"pick3":"","#":"268"},{"date":"","draw":"","p1":0,"p2":0,"p3":0,"pick3":"","#":"269"},{"date":"","draw":"","p1":0,"p2":0,"p3":0,"pick3":"","#":"270"},{"date":"","draw":"","p1":0,"p2":0,"p3":0,"pick3":"","#":"271"},{"date":"","draw":"","p1":0,"p2":0,"p3":0,"pick3":"","#":"272"},{"date":"","draw":"","p1":0,"p2":0,"p3":0,"pick3":"","#":"273"},{"date":"","draw":"","p1":0,"p2":0,"p3":0,"pick3":"","#":"274"},{"date":"","draw":"","p1":0,"p2":0,"p3":0,"pick3":"","#":"275"},{"date":"","draw":"","p1":0,"p2":0,"p3":0,"pick3":"","#":"276"},{"date":"","draw":"","p1":0,"p2":0,"p3":0,"pick3":"","#":"277"},{"date":"","draw":"","p1":0,"p2":0,"p3":0,"pick3":"","#":"278"},{"date":"","draw":"","p1":0,"p2":0,"p3":0,"pick3":"","#":"279"},{"date":"","draw":"","p1":0,"p2":0,"p3":0,"pick3":"","#":"280"},{"date":"","draw":"","p1":0,"p2":0,"p3":0,"pick3":"","#":"281"},{"date":"","draw":"","p1":0,"p2":0,"p3":0,"pick3":"","#":"282"},{"date":"","draw":"","p1":0,"p2":0,"p3":0,"pick3":"","#":"283"},{"date":"","draw":"","p1":0,"p2":0,"p3":0,"pick3":"","#":"284"},{"date":"","draw":"","p1":0,"p2":0,"p3":0,"pick3":"","#":"285"},{"date":"","draw":"","p1":0,"p2":0,"p3":0,"pick3":"","#":"286"},{"date":"","draw":"","p1":0,"p2":0,"p3":0,"pick3":"","#":"287"},{"date":"","draw":"","p1":0,"p2":0,"p3":0,"pick3":"","#":"288"},{"date":"","draw":"","p1":0,"p2":0,"p3":0,"pick3":"","#":"289"},{"date":"","draw":"","p1":0,"p2":0,"p3":0,"pick3":"","#":"290"},{"date":"","draw":"","p1":0,"p2":0,"p3":0,"pick3":"","#":"291"},{"date":"","draw":"","p1":0,"p2":0,"p3":0,"pick3":"","#":"292"},{"date":"","draw":"","p1":0,"p2":0,"p3":0,"pick3":"","#":"293"},{"date":"","draw":"","p1":0,"p2":0,"p3":0,"pick3":"","#":"294"},{"date":"","draw":"","p1":0,"p2":0,"p3":0,"pick3":"","#":"295"},{"date":"","draw":"","p1":0,"p2":0,"p3":0,"pick3":"","#":"296"},{"date":"","draw":"","p1":0,"p2":0,"p3":0,"pick3":"","#":"297"},{"date":"","draw":"","p1":0,"p2":0,"p3":0,"pick3":"","#":"298"},{"date":"","draw":"","p1":0,"p2":0,"p3":0,"pick3":"","#":"299"},{"date":"","draw":"","p1":0,"p2":0,"p3":0,"pick3":"","#":"300"},{"date":"","draw":"","p1":0,"p2":0,"p3":0,"pick3":"","#":"301"},{"date":"","draw":"","p1":0,"p2":0,"p3":0,"pick3":"","#":"302"},{"date":"","draw":"","p1":0,"p2":0,"p3":0,"pick3":"","#":"303"},{"date":"","draw":"","p1":0,"p2":0,"p3":0,"pick3":"","#":"304"},{"date":"","draw":"","p1":0,"p2":0,"p3":0,"pick3":"","#":"305"},{"date":"","draw":"","p1":0,"p2":0,"p3":0,"pick3":"","#":"306"},{"date":"","draw":"","p1":0,"p2":0,"p3":0,"pick3":"","#":"307"},{"date":"","draw":"","p1":0,"p2":0,"p3":0,"pick3":"","#":"308"},{"date":"","draw":"","p1":0,"p2":0,"p3":0,"pick3":"","#":"309"},{"date":"","draw":"","p1":0,"p2":0,"p3":0,"pick3":"","#":"310"},{"date":"","draw":"","p1":0,"p2":0,"p3":0,"pick3":"","#":"311"},{"date":"","draw":"","p1":0,"p2":0,"p3":0,"pick3":"","#":"312"},{"date":"","draw":"","p1":0,"p2":0,"p3":0,"pick3":"","#":"313"},{"date":"","draw":"","p1":0,"p2":0,"p3":0,"pick3":"","#":"314"},{"date":"","draw":"","p1":0,"p2":0,"p3":0,"pick3":"","#":"315"},{"date":"","draw":"","p1":0,"p2":0,"p3":0,"pick3":"","#":"316"},{"date":"","draw":"","p1":0,"p2":0,"p3":0,"pick3":"","#":"317"},{"date":"","draw":"","p1":0,"p2":0,"p3":0,"pick3":"","#":"318"},{"date":"","draw":"","p1":0,"p2":0,"p3":0,"pick3":"","#":"319"},{"date":"","draw":"","p1":0,"p2":0,"p3":0,"pick3":"","#":"320"},{"date":"","draw":"","p1":0,"p2":0,"p3":0,"pick3":"","#":"321"},{"date":"","draw":"","p1":0,"p2":0,"p3":0,"pick3":"","#":"322"},{"date":"","draw":"","p1":0,"p2":0,"p3":0,"pick3":"","#":"323"},{"date":"","draw":"","p1":0,"p2":0,"p3":0,"pick3":"","#":"324"},{"date":"","draw":"","p1":0,"p2":0,"p3":0,"pick3":"","#":"325"},{"date":"","draw":"","p1":0,"p2":0,"p3":0,"pick3":"","#":"326"},{"date":"","draw":"","p1":0,"p2":0,"p3":0,"pick3":"","#":"327"},{"date":"","draw":"","p1":0,"p2":0,"p3":0,"pick3":"","#":"328"},{"date":"","draw":"","p1":0,"p2":0,"p3":0,"pick3":"","#":"329"},{"date":"","draw":"","p1":0,"p2":0,"p3":0,"pick3":"","#":"330"},{"date":"","draw":"","p1":0,"p2":0,"p3":0,"pick3":"","#":"331"},{"date":"","draw":"","p1":0,"p2":0,"p3":0,"pick3":"","#":"332"},{"date":"","draw":"","p1":0,"p2":0,"p3":0,"pick3":"","#":"333"},{"date":"","draw":"","p1":0,"p2":0,"p3":0,"pick3":"","#":"334"},{"date":"","draw":"","p1":0,"p2":0,"p3":0,"pick3":"","#":"335"},{"date":"","draw":"","p1":0,"p2":0,"p3":0,"pick3":"","#":"336"},{"date":"","draw":"","p1":0,"p2":0,"p3":0,"pick3":"","#":"337"},{"date":"","draw":"","p1":0,"p2":0,"p3":0,"pick3":"","#":"338"},{"date":"","draw":"","p1":0,"p2":0,"p3":0,"pick3":"","#":"339"},{"date":"","draw":"","p1":0,"p2":0,"p3":0,"pick3":"","#":"340"},{"date":"","draw":"","p1":0,"p2":0,"p3":0,"pick3":"","#":"341"},{"date":"","draw":"","p1":0,"p2":0,"p3":0,"pick3":"","#":"342"},{"date":"","draw":"","p1":0,"p2":0,"p3":0,"pick3":"","#":"343"},{"date":"","draw":"","p1":0,"p2":0,"p3":0,"pick3":"","#":"344"},{"date":"","draw":"","p1":0,"p2":0,"p3":0,"pick3":"","#":"345"},{"date":"","draw":"","p1":0,"p2":0,"p3":0,"pick3":"","#":"346"},{"date":"2025-10-20 00:00:00","draw":"Mid","p1":0,"p2":244,"p3":0,"pick3":"335","#":"1"},{"date":"2025-10-20 00:00:00","draw":"Mid","p1":0,"p2":335,"p3":0,"pick3":"886","#":"2"},{"date":"2025-10-19 00:00:00","draw":"Eve","p1":0,"p2":740,"p3":0,"pick3":"740","#":"3"},{"date":"2025-10-19 00:00:00","draw":"Mid","p1":0,"p2":886,"p3":0,"pick3":"439","#":"4"},{"date":"2025-10-18 00:00:00","draw":"Eve","p1":0,"p2":530,"p3":0,"pick3":"530","#":"5"},{"date":"2025-10-18 00:00:00","draw":"Mid","p1":0,"p2":439,"p3":0,"pick3":"495","#":"6"},{"date":"2025-10-17 00:00:00","draw":"Eve","p1":0,"p2":0,"p3":0,"pick3":"0","#":"7"},{"date":"2025-10-17 00:00:00","draw":"Mid","p1":0,"p2":495,"p3":0,"pick3":"839","#":"8"},{"date":"2025-10-16 00:00:00","draw":"Eve","p1":0,"p2":359,"p3":0,"pick3":"359","#":"9"},{"date":"2025-10-16 00:00:00","draw":"Mid","p1":0,"p2":839,"p3":0,"pick3":"789","#":"10"},{"date":"2025-10-15 00:00:00","draw":"Eve","p1":0,"p2":816,"p3":0,"pick3":"816","#":"11"},{"date":"2025-10-15 00:00:00","draw":"Mid","p1":0,"p2":789,"p3":0,"pick3":"811","#":"12"},{"date":"2025-10-14 00:00:00","draw":"Eve","p1":0,"p2":760,"p3":0,"pick3":"760","#":"13"},{"date":"2025-10-14 00:00:00","draw":"Mid","p1":0,"p2":811,"p3":0,"pick3":"614","#":"14"},{"date":"2025-10-13 00:00:00","draw":"Eve","p1":0,"p2":877,"p3":0,"pick3":"877","#":"15"},{"date":"2025-10-13 00:00:00","draw":"Mid","p1":0,"p2":614,"p3":0,"pick3":"68","#":"16"},{"date":"2025-10-12 00:00:00","draw":"Eve","p1":0,"p2":915,"p3":0,"pick3":"915","#":"17"},{"date":"2025-10-12 00:00:00","draw":"Mid","p1":0,"p2":68,"p3":0,"pick3":"358","#":"18"},{"date":"2025-10-11 00:00:00","draw":"Eve","p1":0,"p2":290,"p3":0,"pick3":"290","#":"19"},{"date":"2025-10-11 00:00:00","draw":"Mid","p1":0,"p2":358,"p3":0,"pick3":"266","#":"20"},{"date":"2025-10-10 00:00:00","draw":"Eve","p1":0,"p2":609,"p3":0,"pick3":"609","#":"21"},{"date":"2025-10-10 00:00:00","draw":"Mid","p1":0,"p2":266,"p3":0,"pick3":"547","#":"22"},{"date":"2025-10-09 00:00:00","draw":"Eve","p1":0,"p2":206,"p3":0,"pick3":"206","#":"23"},{"date":"2025-10-09 00:00:00","draw":"Mid","p1":0,"p2":547,"p3":0,"pick3":"314","#":"24"},{"date":"2025-10-08 00:00:00","draw":"Eve","p1":0,"p2":508,"p3":0,"pick3":"508","#":"25"},{"date":"2025-10-08 00:00:00","draw":"Mid","p1":0,"p2":314,"p3":0,"pick3":"62","#":"26"},{"date":"2025-10-07 00:00:00","draw":"Eve","p1":0,"p2":970,"p3":0,"pick3":"970","#":"27"},{"date":"2025-10-07 00:00:00","draw":"Mid","p1":0,"p2":62,"p3":0,"pick3":"692","#":"28"},{"date":"2025-10-06 00:00:00","draw":"Eve","p1":0,"p2":643,"p3":0,"pick3":"643","#":"29"},{"date":"2025-10-06 00:00:00","draw":"Mid","p1":0,"p2":692,"p3":0,"pick3":"158","#":"30"},{"date":"2025-10-05 00:00:00","draw":"Eve","p1":0,"p2":598,"p3":0,"pick3":"598","#":"31"},{"date":"2025-10-05 00:00:00","draw":"Mid","p1":0,"p2":158,"p3":0,"pick3":"889","#":"32"},{"date":"2025-10-04 00:00:00","draw":"Eve","p1":0,"p2":615,"p3":0,"pick3":"615","#":"33"},{"date":"2025-10-04 00:00:00","draw":"Mid","p1":0,"p2":889,"p3":0,"pick3":"291","#":"34"},{"date":"2025-10-03 00:00:00","draw":"Eve","p1":0,"p2":203,"p3":0,"pick3":"203","#":"35"},{"date":"2025-10-03 00:00:00","draw":"Mid","p1":0,"p2":291,"p3":0,"pick3":"39","#":"36"},{"date":"2025-10-02 00:00:00","draw":"Eve","p1":0,"p2":647,"p3":0,"pick3":"647","#":"37"},{"date":"2025-10-02 00:00:00","draw":"Mid","p1":0,"p2":39,"p3":0,"pick3":"993","#":"38"},{"date":"2025-10-01 00:00:00","draw":"Eve","p1":0,"p2":140,"p3":0,"pick3":"140","#":"39"},{"date":"2025-10-01 00:00:00","draw":"Mid","p1":0,"p2":993,"p3":0,"pick3":"862","#":"40"},{"date":"2025-09-30 00:00:00","draw":"Eve","p1":0,"p2":663,"p3":0,"pick3":"663","#":"41"},{"date":"2025-09-30 00:00:00","draw":"Mid","p1":0,"p2":862,"p3":0,"pick3":"56","#":"42"},{"date":"2025-09-29 00:00:00","draw":"Eve","p1":0,"p2":862,"p3":0,"pick3":"862","#":"43"},{"date":"2025-09-29 00:00:00","draw":"Mid","p1":0,"p2":56,"p3":0,"pick3":"583","#":"44"},{"date":"2025-09-28 00:00:00","draw":"Eve","p1":0,"p2":897,"p3":0,"pick3":"897","#":"45"},{"date":"2025-09-28 00:00:00","draw":"Mid","p1":0,"p2":583,"p3":0,"pick3":"335","#":"46"},{"date":"2025-09-27 00:00:00","draw":"Eve","p1":0,"p2":626,"p3":0,"pick3":"626","#":"47"},{"date":"2025-09-27 00:00:00","draw":"Mid","p1":0,"p2":335,"p3":0,"pick3":"610","#":"48"},{"date":"2025-09-26 00:00:00","draw":"Eve","p1":0,"p2":400,"p3":0,"pick3":"400","#":"49"},{"date":"2025-09-26 00:00:00","draw":"Mid","p1":0,"p2":610,"p3":0,"pick3":"294","#":"50"},{"date":"2025-09-25 00:00:00","draw":"Eve","p1":0,"p2":416,"p3":0,"pick3":"416","#":"51"},{"date":"2025-09-25 00:00:00","draw":"Mid","p1":0,"p2":294,"p3":0,"pick3":"628","#":"52"},{"date":"2025-09-24 00:00:00","draw":"Eve","p1":0,"p2":485,"p3":0,"pick3":"485","#":"53"},{"date":"2025-09-24 00:00:00","draw":"Mid","p1":0,"p2":628,"p3":0,"pick3":"638","#":"54"},{"date":"2025-09-23 00:00:00","draw":"Eve","p1":0,"p2":704,"p3":0,"pick3":"704","#":"55"},{"date":"2025-09-23 00:00:00","draw":"Mid","p1":0,"p2":638,"p3":0,"pick3":"718","#":"56"},{"date":"2025-09-22 00:00:00","draw":"Eve","p1":0,"p2":91,"p3":0,"pick3":"91","#":"57"},{"date":"2025-09-22 00:00:00","draw":"Mid","p1":0,"p2":718,"p3":0,"pick3":"552","#":"58"},{"date":"2025-09-21 00:00:00","draw":"Eve","p1":0,"p2":480,"p3":0,"pick3":"480","#":"59"},{"date":"2025-09-21 00:00:00","draw":"Mid","p1":0,"p2":552,"p3":0,"pick3":"542","#":"60"},{"date":"2025-09-20 00:00:00","draw":"Eve","p1":0,"p2":474,"p3":0,"pick3":"474","#":"61"},{"date":"2025-09-20 00:00:00","draw":"Mid","p1":0,"p2":542,"p3":0,"pick3":"661","#":"62"},{"date":"2025-09-19 00:00:00","draw":"Eve","p1":0,"p2":637,"p3":0,"pick3":"637","#":"63"},{"date":"2025-09-19 00:00:00","draw":"Mid","p1":0,"p2":661,"p3":0,"pick3":"578","#":"64"},{"date":"2025-09-18 00:00:00","draw":"Eve","p1":0,"p2":645,"p3":0,"pick3":"645","#":"65"},{"date":"2025-09-18 00:00:00","draw":"Mid","p1":0,"p2":578,"p3":0,"pick3":"853","#":"66"},{"date":"2025-09-17 00:00:00","draw":"Eve","p1":0,"p2":478,"p3":0,"pick3":"478","#":"67"},{"date":"2025-09-17 00:00:00","draw":"Mid","p1":0,"p2":853,"p3":0,"pick3":"274","#":"68"},{"date":"2025-09-16 00:00:00","draw":"Eve","p1":0,"p2":74,"p3":0,"pick3":"74","#":"69"},{"date":"2025-09-16 00:00:00","draw":"Mid","p1":0,"p2":274,"p3":0,"pick3":"913","#":"70"},{"date":"2025-09-15 00:00:00","draw":"Eve","p1":0,"p2":222,"p3":0,"pick3":"222","#":"71"},{"date":"2025-09-15 00:00:00","draw":"Mid","p1":0,"p2":913,"p3":0,"pick3":"747","#":"72"},{"date":"2025-09-14 00:00:00","draw":"Eve","p1":0,"p2":410,"p3":0,"pick3":"410","#":"73"},{"date":"2025-09-14 00:00:00","draw":"Mid","p1":0,"p2":747,"p3":0,"pick3":"286","#":"74"},{"date":"2025-09-13 00:00:00","draw":"Eve","p1":0,"p2":527,"p3":0,"pick3":"527","#":"75"},{"date":"2025-09-13 00:00:00","draw":"Mid","p1":0,"p2":286,"p3":0,"pick3":"534","#":"76"},{"date":"2025-09-12 00:00:00","draw":"Eve","p1":0,"p2":468,"p3":0,"pick3":"468","#":"77"},{"date":"2025-09-12 00:00:00","draw":"Mid","p1":0,"p2":534,"p3":0,"pick3":"436","#":"78"},{"date":"2025-09-11 00:00:00","draw":"Eve","p1":0,"p2":68,"p3":0,"pick3":"68","#":"79"},{"date":"2025-09-11 00:00:00","draw":"Mid","p1":0,"p2":436,"p3":0,"pick3":"524","#":"80"},{"date":"2025-09-10 00:00:00","draw":"Eve","p1":0,"p2":562,"p3":0,"pick3":"562","#":"81"},{"date":"2025-09-10 00:00:00","draw":"Mid","p1":0,"p2":524,"p3":0,"pick3":"415","#":"82"},{"date":"2025-09-09 00:00:00","draw":"Eve","p1":0,"p2":769,"p3":0,"pick3":"769","#":"83"},{"date":"2025-09-09 00:00:00","draw":"Mid","p1":0,"p2":415,"p3":0,"pick3":"661","#":"84"},{"date":"2025-09-08 00:00:00","draw":"Eve","p1":0,"p2":797,"p3":0,"pick3":"797","#":"85"},{"date":"2025-09-08 00:00:00","draw":"Mid","p1":0,"p2":661,"p3":0,"pick3":"664","#":"86"},{"date":"2025-09-07 00:00:00","draw":"Eve","p1":0,"p2":183,"p3":0,"pick3":"183","#":"87"},{"date":"2025-09-07 00:00:00","draw":"Mid","p1":0,"p2":664,"p3":0,"pick3":"337","#":"88"},{"date":"2025-09-06 00:00:00","draw":"Eve","p1":0,"p2":517,"p3":0,"pick3":"517","#":"89"},{"date":"2025-09-06 00:00:00","draw":"Mid","p1":0,"p2":337,"p3":0,"pick3":"19","#":"90"},{"date":"2025-09-05 00:00:00","draw":"Eve","p1":0,"p2":647,"p3":0,"pick3":"647","#":"91"},{"date":"2025-09-05 00:00:00","draw":"Mid","p1":0,"p2":19,"p3":0,"pick3":"365","#":"92"},{"date":"2025-09-04 00:00:00","draw":"Eve","p1":0,"p2":150,"p3":0,"pick3":"150","#":"93"},{"date":"2025-09-04 00:00:00","draw":"Mid","p1":0,"p2":365,"p3":0,"pick3":"87","#":"94"},{"date":"2025-09-03 00:00:00","draw":"Eve","p1":0,"p2":401,"p3":0,"pick3":"401","#":"95"},{"date":"2025-09-03 00:00:00","draw":"Mid","p1":0,"p2":87,"p3":0,"pick3":"108","#":"96"},{"date":"2025-09-02 00:00:00","draw":"Eve","p1":0,"p2":332,"p3":0,"pick3":"332","#":"97"},{"date":"2025-09-02 00:00:00","draw":"Mid","p1":0,"p2":108,"p3":0,"pick3":"504","#":"98"},{"date":"2025-09-01 00:00:00","draw":"Eve","p1":0,"p2":559,"p3":0,"pick3":"559","#":"99"},{"date":"2025-09-01 00:00:00","draw":"Mid","p1":0,"p2":504,"p3":0,"pick3":"493","#":"100"},{"date":"2025-08-31 00:00:00","draw":"Eve","p1":0,"p2":677,"p3":0,"pick3":"677","#":"101"},{"date":"2025-08-31 00:00:00","draw":"Mid","p1":0,"p2":493,"p3":0,"pick3":"808","#":"102"},{"date":"2025-08-30 00:00:00","draw":"Eve","p1":0,"p2":959,"p3":0,"pick3":"959","#":"103"},{"date":"2025-08-30 00:00:00","draw":"Mid","p1":0,"p2":808,"p3":0,"pick3":"985","#":"104"},{"date":"2025-08-29 00:00:00","draw":"Eve","p1":0,"p2":542,"p3":0,"pick3":"542","#":"105"},{"date":"2025-08-29 00:00:00","draw":"Mid","p1":0,"p2":985,"p3":0,"pick3":"939","#":"106"},{"date":"2025-08-28 00:00:00","draw":"Eve","p1":0,"p2":724,"p3":0,"pick3":"724","#":"107"},{"date":"2025-08-28 00:00:00","draw":"Mid","p1":0,"p2":939,"p3":0,"pick3":"343","#":"108"},{"date":"2025-08-27 00:00:00","draw":"Eve","p1":0,"p2":397,"p3":0,"pick3":"397","#":"109"},{"date":"2025-08-27 00:00:00","draw":"Mid","p1":0,"p2":343,"p3":0,"pick3":"26","#":"110"},{"date":"2025-08-26 00:00:00","draw":"Eve","p1":0,"p2":424,"p3":0,"pick3":"424","#":"111"},{"date":"2025-08-26 00:00:00","draw":"Mid","p1":0,"p2":26,"p3":0,"pick3":"576","#":"112"},{"date":"2025-08-25 00:00:00","draw":"Eve","p1":0,"p2":527,"p3":0,"pick3":"527","#":"113"},{"date":"2025-08-25 00:00:00","draw":"Mid","p1":0,"p2":576,"p3":0,"pick3":"3","#":"114"},{"date":"2025-08-24 00:00:00","draw":"Eve","p1":0,"p2":606,"p3":0,"pick3":"606","#":"115"},{"date":"2025-08-24 00:00:00","draw":"Mid","p1":0,"p2":3,"p3":0,"pick3":"579","#":"116"},{"date":"2025-08-23 00:00:00","draw":"Eve","p1":0,"p2":936,"p3":0,"pick3":"936","#":"117"},{"date":"2025-08-23 00:00:00","draw":"Mid","p1":0,"p2":579,"p3":0,"pick3":"892","#":"118"},{"date":"2025-08-22 00:00:00","draw":"Eve","p1":0,"p2":873,"p3":0,"pick3":"873","#":"119"},{"date":"2025-08-22 00:00:00","draw":"Mid","p1":0,"p2":892,"p3":0,"pick3":"623","#":"120"},{"date":"2025-08-21 00:00:00","draw":"Eve","p1":0,"p2":669,"p3":0,"pick3":"669","#":"121"},{"date":"2025-08-21 00:00:00","draw":"Mid","p1":0,"p2":623,"p3":0,"pick3":"366","#":"122"},{"date":"2025-08-20 00:00:00","draw":"Eve","p1":0,"p2":637,"p3":0,"pick3":"637","#":"123"},{"date":"2025-08-20 00:00:00","draw":"Mid","p1":0,"p2":366,"p3":0,"pick3":"697","#":"124"},{"date":"2025-08-19 00:00:00","draw":"Eve","p1":0,"p2":827,"p3":0,"pick3":"827","#":"125"},{"date":"2025-08-19 00:00:00","draw":"Mid","p1":0,"p2":697,"p3":0,"pick3":"378","#":"126"},{"date":"2025-08-18 00:00:00","draw":"Eve","p1":0,"p2":144,"p3":0,"pick3":"144","#":"127"},{"date":"2025-08-18 00:00:00","draw":"Mid","p1":0,"p2":378,"p3":0,"pick3":"140","#":"128"},{"date":"2025-08-17 00:00:00","draw":"Eve","p1":0,"p2":633,"p3":0,"pick3":"633","#":"129"},{"date":"2025-08-17 00:00:00","draw":"Mid","p1":0,"p2":140,"p3":0,"pick3":"326","#":"130"},{"date":"2025-08-16 00:00:00","draw":"Eve","p1":0,"p2":777,"p3":0,"pick3":"777","#":"131"},{"date":"2025-08-16 00:00:00","draw":"Mid","p1":0,"p2":326,"p3":0,"pick3":"110","#":"132"},{"date":"2025-08-15 00:00:00","draw":"Eve","p1":0,"p2":815,"p3":0,"pick3":"815","#":"133"},{"date":"2025-08-15 00:00:00","draw":"Mid","p1":0,"p2":110,"p3":0,"pick3":"499","#":"134"},{"date":"2025-08-14 00:00:00","draw":"Eve","p1":0,"p2":64,"p3":0,"pick3":"64","#":"135"},{"date":"2025-08-14 00:00:00","draw":"Mid","p1":0,"p2":499,"p3":0,"pick3":"169","#":"136"},{"date":"2025-08-13 00:00:00","draw":"Eve","p1":0,"p2":764,"p3":0,"pick3":"764","#":"137"},{"date":"2025-08-13 00:00:00","draw":"Mid","p1":0,"p2":169,"p3":0,"pick3":"31","#":"138"},{"date":"2025-08-12 00:00:00","draw":"Eve","p1":0,"p2":614,"p3":0,"pick3":"614","#":"139"},{"date":"2025-08-12 00:00:00","draw":"Mid","p1":0,"p2":31,"p3":0,"pick3":"86","#":"140"},{"date":"2025-08-11 00:00:00","draw":"Eve","p1":0,"p2":596,"p3":0,"pick3":"596","#":"141"},{"date":"2025-08-11 00:00:00","draw":"Mid","p1":0,"p2":86,"p3":0,"pick3":"689","#":"142"},{"date":"2025-08-10 00:00:00","draw":"Eve","p1":0,"p2":329,"p3":0,"pick3":"329","#":"143"},{"date":"2025-08-10 00:00:00","draw":"Mid","p1":0,"p2":689,"p3":0,"pick3":"822","#":"144"},{"date":"2025-08-09 00:00:00","draw":"Eve","p1":0,"p2":373,"p3":0,"pick3":"373","#":"145"},{"date":"2025-08-09 00:00:00","draw":"Mid","p1":0,"p2":822,"p3":0,"pick3":"845","#":"146"},{"date":"2025-08-08 00:00:00","draw":"Eve","p1":0,"p2":949,"p3":0,"pick3":"949","#":"147"},{"date":"2025-08-08 00:00:00","draw":"Mid","p1":0,"p2":845,"p3":0,"pick3":"310","#":"148"},{"date":"2025-08-07 00:00:00","draw":"Eve","p1":0,"p2":50,"p3":0,"pick3":"50","#":"149"},{"date":"2025-08-07 00:00:00","draw":"Mid","p1":0,"p2":310,"p3":0,"pick3":"972","#":"150"},{"date":"2025-08-06 00:00:00","draw":"Eve","p1":0,"p2":176,"p3":0,"pick3":"176","#":"151"},{"date":"2025-08-06 00:00:00","draw":"Mid","p1":0,"p2":972,"p3":0,"pick3":"711","#":"152"},{"date":"2025-08-05 00:00:00","draw":"Eve","p1":0,"p2":240,"p3":0,"pick3":"240","#":"153"},{"date":"2025-08-05 00:00:00","draw":"Mid","p1":0,"p2":711,"p3":0,"pick3":"942","#":"154"},{"date":"2025-08-04 00:00:00","draw":"Eve","p1":0,"p2":235,"p3":0,"pick3":"235","#":"155"},{"date":"2025-08-04 00:00:00","draw":"Mid","p1":0,"p2":942,"p3":0,"pick3":"230","#":"156"},{"date":"2025-08-03 00:00:00","draw":"Eve","p1":0,"p2":312,"p3":0,"pick3":"312","#":"157"},{"date":"2025-08-03 00:00:00","draw":"Mid","p1":0,"p2":230,"p3":0,"pick3":"655","#":"158"},{"date":"2025-08-02 00:00:00","draw":"Eve","p1":0,"p2":753,"p3":0,"pick3":"753","#":"159"},{"date":"2025-08-02 00:00:00","draw":"Mid","p1":0,"p2":655,"p3":0,"pick3":"178","#":"160"},{"date":"2025-08-01 00:00:00","draw":"Eve","p1":0,"p2":171,"p3":0,"pick3":"171","#":"161"},{"date":"2025-08-01 00:00:00","draw":"Mid","p1":0,"p2":178,"p3":0,"pick3":"363","#":"162"},{"date":"2025-07-31 00:00:00","draw":"Eve","p1":0,"p2":279,"p3":0,"pick3":"279","#":"163"},{"date":"2025-07-31 00:00:00","draw":"Mid","p1":0,"p2":363,"p3":0,"pick3":"474","#":"164"},{"date":"2025-07-30 00:00:00","draw":"Eve","p1":0,"p2":367,"p3":0,"pick3":"367","#":"165"},{"date":"2025-07-30 00:00:00","draw":"Mid","p1":0,"p2":474,"p3":0,"pick3":"373","#":"166"},{"date":"2025-07-29 00:00:00","draw":"Eve","p1":0,"p2":597,"p3":0,"pick3":"597","#":"167"},{"date":"2025-07-29 00:00:00","draw":"Mid","p1":0,"p2":373,"p3":0,"pick3":"234","#":"168"},{"date":"2025-07-28 00:00:00","draw":"Eve","p1":0,"p2":370,"p3":0,"pick3":"370","#":"169"},{"date":"2025-07-28 00:00:00","draw":"Mid","p1":0,"p2":234,"p3":0,"pick3":"61","#":"170"},{"date":"2025-07-27 00:00:00","draw":"Eve","p1":0,"p2":107,"p3":0,"pick3":"107","#":"171"},{"date":"2025-07-27 00:00:00","draw":"Mid","p1":0,"p2":61,"p3":0,"pick3":"881","#":"172"},{"date":"2025-07-26 00:00:00","draw":"Eve","p1":0,"p2":224,"p3":0,"pick3":"224","#":"173"},{"date":"2025-07-26 00:00:00","draw":"Mid","p1":0,"p2":881,"p3":0,"pick3":"366","#":"174"},{"date":"2025-07-25 00:00:00","draw":"Eve","p1":0,"p2":229,"p3":0,"pick3":"229","#":"175"},{"date":"2025-07-25 00:00:00","draw":"Mid","p1":0,"p2":366,"p3":0,"pick3":"379","#":"176"},{"date":"2025-07-24 00:00:00","draw":"Eve","p1":0,"p2":801,"p3":0,"pick3":"801","#":"177"},{"date":"2025-07-24 00:00:00","draw":"Mid","p1":0,"p2":379,"p3":0,"pick3":"393","#":"178"},{"date":"2025-07-23 00:00:00","draw":"Eve","p1":0,"p2":639,"p3":0,"pick3":"639","#":"179"},{"date":"2025-07-23 00:00:00","draw":"Mid","p1":0,"p2":393,"p3":0,"pick3":"69","#":"180"},{"date":"2025-07-22 00:00:00","draw":"Eve","p1":0,"p2":953,"p3":0,"pick3":"953","#":"181"},{"date":"2025-07-22 00:00:00","draw":"Mid","p1":0,"p2":69,"p3":0,"pick3":"981","#":"182"},{"date":"2025-07-21 00:00:00","draw":"Eve","p1":0,"p2":518,"p3":0,"pick3":"518","#":"183"},{"date":"2025-07-21 00:00:00","draw":"Mid","p1":0,"p2":981,"p3":0,"pick3":"442","#":"184"},{"date":"2025-07-20 00:00:00","draw":"Eve","p1":0,"p2":384,"p3":0,"pick3":"384","#":"185"},{"date":"2025-07-20 00:00:00","draw":"Mid","p1":0,"p2":442,"p3":0,"pick3":"388","#":"186"},{"date":"2025-07-19 00:00:00","draw":"Eve","p1":0,"p2":302,"p3":0,"pick3":"302","#":"187"},{"date":"2025-07-19 00:00:00","draw":"Mid","p1":0,"p2":388,"p3":0,"pick3":"400","#":"188"},{"date":"2025-07-18 00:00:00","draw":"Eve","p1":0,"p2":61,"p3":0,"pick3":"61","#":"189"},{"date":"2025-07-18 00:00:00","draw":"Mid","p1":0,"p2":400,"p3":0,"pick3":"709","#":"190"}],"game1":[[103,"130","013","031","301","310"],[18,81,801,810,108,180],[92,29,209,290,902,920],[97,79,709,790,907,970],[230,"203","320","302","032","023"],[780,"708","870","807","087","078"],[null,null,null,null,null,null],[null,null,null,null,null,null],[null,null,null,null,null,null],[null,null,null,null,null,null],[null,null,null,null,null,null],[null,null,null,null,null,null],[null,null,null,null,null,null],[null,null,null,null,null,null],[null,null,null,null,null,null],[null,null,null,null,null,null],[null,null,null,null,null,null],[null,null,null,null,null,null],[null,null,null,null,null,null],[null,null,null,null,null,null]],"game2":[["71",null],["79",null],[null,null],[null,null],[null,null],[null,null],[null,null],[null,null],[null,null],[null,null],[null,null],[null,null],[null,null],[null,null],[null,null],[null,null],[null,null],[null,null],[null,null],[null,null]]}