{
  "endpoint": "https://us-lotteries.downtack.com/public/index.php/lotteries/3a4099a724edc52deda188ad74f4f912",

  "workbook_path": "C:\\Sites\\pick3-site\\Pick 3 Website Info - 10-10-2025\\Raw Scrape - 10-26-2025\\NC-No Program - 10-1-2025.xlsm",
  "worksheet_name": "Data",

  "target_row": 5,

  "column_map": {
    "date_col": "A",
    "d1_col": "B",
    "d2_col": "C",
    "d3_col": "D",
    "draw_col": "E"
  },

  "backup": {
    "enable": true,
    "dir": "C:\\Sites\\pick3-site\\Pick 3 Website Info - 10-10-2025\\Raw Scrape - 10-26-2025",
    "prefix": "NC-No Program - 10-1-2025_backup_"
  },

  "log_file": "C:\\Sites\\pick3-site\\Pick 3 Website Info - 10-10-2025\\Raw Scrape - 10-26-2025\\logs\\updater.log",

  "excel": {
    "visible": false,
    "display_alerts": false,
    "read_only_recommend": false
  }
}
